FAYE,Ibrahima,mbowbayesaer44@6gmail.com,1,772839922,6
FAYE,Ibrahima,mbowbayesaer44@6gmail.com,1,772839922,6
FAYE,Ibrahima,mbowbayesaer44@6gmail.com,1,772839922,6
Mbow,Saer,mbowbayesaer44@6gmail.com,1,772009922,6
FAYE,Ibrahima,mbowbayesaer44@6gmail.com,1,772839922,6
Mbaye,Ibrahima,mbowbayesaer44@6gmail.com,1,772839922,6
Mbaye,Ibrahima,mbowbayesaer44@6gmail.com,1,772839922,6
Mbaye,Ibrahima,mbowbayesaer44@6gmail.com,1,772839922,6
Mbow,Saer,mbowbayesaer44@6gmail.com,2,772009922,6
Mbow,Saer,mbowbayesaer44@6gmail.com,1,772009922,6
Mbow,Saer,mbowbayesaer44@6gmail.com,1,772009922,6
Mbow,Saer,mbowbayesaer44@6gmail.com,2,772009922,6
Mbow,Saer,mbowbayesaer44@6gmail.com,1,772009922,6
Mbow,Saer,mbowbayesaer44@6gmail.com,1,772009922,6
Mbow,Saer,mbowbayesaer44@6gmail.com,1,772009922,6
FAYE,Ibrahima,mbowbayesaer44@6gmail.com,1,772839922,6
FAYE,Ibrahima,mbowbayesaer44@6gmail.com,1,772839922,6
FAYE,Ibrahima,mbowbayesaer44@6gmail.com,1,772839922,6
FAYE,Ibrahima,mbowbayesaer44@6gmail.com,1,772839922,6


