man.png,FAYE,Ibrahima Prom4,mbowbayesaer44@6gmail.com,1,772839922,4,1
man.png,FAYE,Ibrahima,mbowbayesaer44@6gmail.com,1,772839922,4,1
man.png,FAYE,Ibrahima,mbowbayesaer44@6gmail.com,1,772839922,4,1
man.png,Mbow,Saer,mbowbayesaer44@6gmail.com,1,772009922,4,2
man.png,FAYE,Ibrahima,mbowbayesaer44@6gmail.com,1,772839922,4,2
man.png,Mbaye,Ibrahima,mbowbayesaer44@6gmail.com,1,772839922,4,2
man.png,Mbaye,Ibrahima,mbowbayesaer44@6gmail.com,1,772839922,4,3
man.png,Mbaye,Ibrahima,mbowbayesaer44@6gmail.com,1,772839922,4,3
man.png,Mbow,Saer,mbowbayesaer44@6gmail.com,2,772009922,4,3
man.png,Mbow,Saer,mbowbayesaer44@6gmail.com,1,772009922,4,3
man.png,Mbow,Saer,mbowbayesaer44@6gmail.com,1,772009922,4,3
man.png,Mbow,Saer,mbowbayesaer44@6gmail.com,2,772009922,4,2
man.png,Mbow,Saer,mbowbayesaer44@6gmail.com,1,772009922,4,2
man.png,Mbow,Saer,mbowbayesaer44@6gmail.com,1,772009922,4,1
man.png,Mbow,Saer,mbowbayesaer44@6gmail.com,1,772009922,4,1
man.png,FAYE,Ibrahima,mbowbayesaer44@6gmail.com,1,772839922,4,1
man.png,FAYE,Ibrahima,mbowbayesaer44@6gmail.com,1,772839922,4,2
man.png,FAYE,Ibrahima,mbowbayesaer44@6gmail.com,1,772839922,4,1
man.png,FAYE,Ibrahimass Promo4,mbowbayesaer44@6gmail.com,1,772839922,4,4
man.png,FAYE,Ibrahima Promo5,mbowbayesaer44@6gmail.com,1,772839922,5,1
man.png,FAYE,Ibrahima,mbowbayesaer44@6gmail.com,1,772839922,5,2
man.png,FAYE,Ibrahima,mbowbayesaer44@6gmail.com,1,772839922,5,3
man.png,Mbow,Saer,mbowbayesaer44@6gmail.com,1,772009922,5,1
man.png,FAYE,Ibrahima,mbowbayesaer44@6gmail.com,1,772839922,5,2
man.png,Mbaye,Ibrahima,mbowbayesaer44@6gmail.com,1,772839922,5,2
man.png,Mbaye,Ibrahima,mbowbayesaer44@6gmail.com,1,772839922,5,2
man.png,Mbaye,Ibrahima,mbowbayesaer44@6gmail.com,1,772839922,5,1
man.png,Mbow,Saer,mbowbayesaer44@6gmail.com,2,772009922,5,1
man.png,Mbow,Saer,mbowbayesaer44@6gmail.com,1,772009922,5,2
man.png,Mbow,Saer,mbowbayesaer44@6gmail.com,1,772009922,5,3
man.png,Mbow,Saer,mbowbayesaer44@6gmail.com,2,772009922,5,4
man.png,Mbow,Saer,mbowbayesaer44@6gmail.com,1,772009922,5,2
man.png,Mbow,Saer,mbowbayesaer44@6gmail.com,1,772009922,5,2
man.png,Mbow,Saer,mbowbayesaer44@6gmail.com,1,772009922,5,1
man.png,FAYE,Ibrahima,mbowbayesaer44@6gmail.com,1,772839922,5,1
man.png,FAYE,Ibrahima,mbowbayesaer44@6gmail.com,1,772839922,5,3
man.png,FAYE,Ibrahima,mbowbayesaer44@6gmail.com,1,772839922,5,3
man.png,FAYE,Ibrahimass Promo5,mbowbayesaer44@6gmail.com,1,772839922,5,3
man.png,FAYE,Ibrahima Promo6,mbowbayesaer44@6gmail.com,1,772839922,6,1
man.png,FAYE,Ibrahima,mbowbayesaer44@6gmail.com,1,772839922,6,2
man.png,FAYE,Ibrahima,mbowbayesaer44@6gmail.com,1,772839922,6,3
man.png,Mbow,Saer,mbowbayesaer44@6gmail.com,1,772009922,6,2
man.png,FAYE,Ibrahima,mbowbayesaer44@6gmail.com,1,772839922,6,1
man.png,Mbaye,Ibrahima,mbowbayesaer44@6gmail.com,1,772839922,6,2
man.png,Mbaye,Ibrahima,mbowbayesaer44@6gmail.com,1,772839922,6,3
man.png,Mbaye,Ibrahima,mbowbayesaer44@6gmail.com,1,772839922,6,2
man.png,Mbow,Saer,mbowbayesaer44@6gmail.com,2,772009922,6,1
man.png,Mbow,Saer,mbowbayesaer44@6gmail.com,1,772009922,6,1
man.png,Mbow,Saer,mbowbayesaer44@6gmail.com,1,772009922,6,1
man.png,Mbow,Saer,mbowbayesaer44@6gmail.com,2,772009922,6,1
man.png,Mbow,Saer,mbowbayesaer44@6gmail.com,1,772009922,6,2
man.png,Mbow,Saer,mbowbayesaer44@6gmail.com,1,772009922,6,2
man.png,Mbow,Saer,mbowbayesaer44@6gmail.com,1,772009922,6,2
man.png,FAYE,Ibrahima,mbowbayesaer44@6gmail.com,1,772839922,6,3
man.png,FAYE,Ibrahima,mbowbayesaer44@6gmail.com,1,772839922,6,3
man.png,FAYE,Ibrahima,mbowbayesaer44@6gmail.com,1,772839922,6,2
man.png,FAYE,Ibrahimass Promo6,mbowbayesaer44@6gmail.com,1,772839922,6,2


